{
  "project_info": {
    "project_number": "60343612684",
    "firebase_url": "https://pgto-aac04.firebaseio.com",
    "project_id": "pgto-aac04",
    "storage_bucket": "pgto-aac04.appspot.com"
  },
  "client": [
    {
      "client_info": {
        "mobilesdk_app_id": "1:60343612684:android:d6762108498f9070508529",
        "android_client_info": {
          "package_name": "br.com.ifpr.pgto"
        }
      },
      "oauth_client": [
        {
          "client_id": "60343612684-7nj39ghb8olv2jcuanieigdn938h87qt.apps.googleusercontent.com",
          "client_type": 3
        }
      ],
      "api_key": [
        {
          "current_key": "AIzaSyCLkKX0WGT7BatLdxBMgGMCSGwEHIudErQ"
        }
      ],
      "services": {
        "appinvite_service": {
          "other_platform_oauth_client": [
            {
              "client_id": "60343612684-7nj39ghb8olv2jcuanieigdn938h87qt.apps.googleusercontent.com",
              "client_type": 3
            }
          ]
        }
      }
    }
  ],
  "configuration_version": "1"
}